사건번호,법원,물건번호,물건주소,용도,비고,감정평가액,감정가_원,입찰기일,유찰횟수_입찰란,링크,진행상태,최저입찰가_표시,최저입찰가_원,최저입찰가율,유찰횟수,유찰횟수_원문
2023타경12462,수원지방법원,1,"경기도 수원시 영통구 봉영로1770번길 21 214동 4층405호 (영통동,한국아파트)[집합건물 철근콘크리트 벽식구조
59.95㎡]",지도,,"335,000,000",335000000,2026.04.20,0,moveDtlPage(0),아파트,"234,500,000(70%)",234500000,70.0,1,유찰 1회
2024타경3939,수원지방법원,1,"경기도 수원시 영통구 영통로 460 315동 7층703호 (영통동,동신아파트)[집합건물 철근콘크리트조
164.76㎡]",지도,,"1,016,000,000",1016000000,2026.04.24,0,moveDtlPage(1),아파트,"1,016,000,000(100%)",1016000000,100.0,0,신건
2024타경4215,수원지방법원,1,"경기도 용인시 기흥구 구성로64번길 25 3층307호 (언남동,까사90)[집합건물 철큰콘크리트구조 41.13㎡]",지도,매수인에게 대항할 수 있는 임차인이 있음.  배당에서 보증금이 전액 변제되지 아니하면 잔액을 매수인이 인수함,"278,000,000",278000000,2026.04.24,0,moveDtlPage(2),아파트,"7,853,000(2%)",7853000,2.0,10,유찰 10회
2024타경8248,수원지방법원,1,"경기도 용인시 기흥구 동탄기흥로785번길 31 102동 2층201호 (고매동,메종블루아)[집합건물 철근콘크리트구조 207.14㎡]",지도,대지권의 목적인 토지에 별도등기 있음(토지 을구 11번 구분지상권설정등기).,"941,000,000",941000000,2026.04.22,0,moveDtlPage(3),아파트,"941,000,000(100%)",941000000,100.0,0,신건
2024타경10548,수원지방법원,1,"경기도 용인시 수지구 동천로153번길 6 1411동 6층601호 (동천동,한빛마을래미안이스트팰리스4단지)[집합건물 철근콘크리트구조
199.21㎡]",지도,,"1,510,000,000",1510000000,2026.04.21,0,moveDtlPage(4),아파트,"1,057,000,000(70%)",1057000000,70.0,1,유찰 1회
2024타경12834,수원지방법원,1,"경기도 용인시 기흥구 보정로 30 131동 19층1902호 (보정동,행원마을동아솔레시티아파트)[집합건물 철골철근콘크리트조
226.396㎡]",지도,,"1,330,000,000",1330000000,2026.04.29,0,moveDtlPage(5),아파트,"1,330,000,000(100%)",1330000000,100.0,0,신건
2024타경13585,수원지방법원,1,"경기도 용인시 기흥구 언남로 15 201동 10층1002호 (언남동,하마비마을동일하이빌2차아파트)[집합건물 철근콘크리트벽식조
109.838㎡]",지도,,"575,000,000",575000000,2026.04.20,0,moveDtlPage(6),아파트,"402,500,000(70%)",402500000,70.0,1,유찰 1회
2024타경13981,수원지방법원,1,"경기도 수원시 영통구 영통로174번길 12 202동 17층1701호 (망포동,그대가센트럴파크)[집합건물 철근콘크리트구조   129.4884㎡]",지도,,"970,000,000",970000000,2026.04.20,0,moveDtlPage(7),아파트,"679,000,000(70%)",679000000,70.0,1,유찰 1회
2024타경57592,수원지방법원,1,"경기도 용인시 기흥구 언남로 5 101동 20층2002호 (언남동,스파팰리스리가)[집합건물 철근콘크리트구조 190.81㎡]",지도,,"1,660,000,000",1660000000,2026.04.21,0,moveDtlPage(8),아파트,"1,162,000,000(70%)",1162000000,70.0,1,유찰 1회
2024타경62334,수원지방법원,1,경기도 오산시 역광장로 46-1 2층202호[집합건물 철근콘크리트조 28.6㎡],지도,"2019.03.14.자 접수 제54014호 든솔신용협동조합 명의의 근저당권에 대하여, 2025.05.09.자로 피담보채권이 없다는 계산서가 제출됨","97,000,000",97000000,2026.04.21,0,moveDtlPage(9),아파트,"33,271,000(34%)",33271000,34.0,3,유찰 3회
2024타경62334,수원지방법원,2,경기도 오산시 역광장로 46-1 3층302호[집합건물 철근콘크리트조 28.6㎡],지도,"2019.03.14.자 접수 제54014호 든솔신용협동조합 명의의 근저당권에 대하여, 2025.05.09.자로 피담보채권이 없다는 계산서가 제출됨","97,000,000",97000000,2026.04.21,0,moveDtlPage(0),아파트,"33,271,000(34%)",33271000,34.0,3,유찰 3회
2024타경62334,수원지방법원,4,경기도 오산시 역광장로 46-1 3층311호[집합건물 철근콘크리트조 23.14㎡],지도,"2019.03.14.자 접수 제54014호 든솔신용협동조합 명의의 근저당권에 대하여, 2025.05.09.자로 피담보채권이 없다는 계산서가 제출됨","74,000,000",74000000,2026.04.21,0,moveDtlPage(1),아파트,"25,382,000(34%)",25382000,34.0,3,유찰 3회
2024타경62334,수원지방법원,6,경기도 오산시 역광장로 46-1 4층406호[집합건물 철근콘크리트조 28.6㎡],지도,"2019.03.14.자 접수 제54014호 든솔신용협동조합 명의의 근저당권에 대하여, 2025.05.09.자로 피담보채권이 없다는 계산서가 제출됨","102,000,000",102000000,2026.04.21,0,moveDtlPage(2),아파트,"34,986,000(34%)",34986000,34.0,3,유찰 3회
2024타경62334,수원지방법원,7,경기도 오산시 역광장로 46-1 4층413호[집합건물 철근콘크리트조 28.6㎡],지도,"2019.03.14.자 접수 제54014호 든솔신용협동조합 명의의 근저당권에 대하여, 2025.05.09.자로 피담보채권이 없다는 계산서가 제출됨","100,000,000",100000000,2026.04.21,0,moveDtlPage(3),아파트,"34,300,000(34%)",34300000,34.0,3,유찰 3회
2024타경62334,수원지방법원,9,경기도 오산시 역광장로 46-1 5층503호[집합건물 철근콘크리트조 28.6㎡],지도,"2019.03.14.자 접수 제54014호 든솔신용협동조합 명의의 근저당권에 대하여, 2025.05.09.자로 피담보채권이 없다는 계산서가 제출됨","102,000,000",102000000,2026.04.21,0,moveDtlPage(4),아파트,"34,986,000(34%)",34986000,34.0,3,유찰 3회
2024타경62334,수원지방법원,11,경기도 오산시 역광장로 46-1 5층510호[집합건물 철근콘크리트조 23.14㎡],지도,"2019.03.14.자 접수 제54014호 든솔신용협동조합 명의의 근저당권에 대하여, 2025.05.09.자로 피담보채권이 없다는 계산서가 제출됨","81,000,000",81000000,2026.04.21,0,moveDtlPage(5),아파트,"27,783,000(34%)",27783000,34.0,3,유찰 3회
2024타경62334,수원지방법원,12,경기도 오산시 역광장로 46-1 5층511호[집합건물 철근콘크리트조 23.14㎡],지도,"2019.03.14.자 접수 제54014호 든솔신용협동조합 명의의 근저당권에 대하여, 2025.05.09.자로 피담보채권이 없다는 계산서가 제출됨","78,000,000",78000000,2026.04.21,0,moveDtlPage(6),아파트,"26,754,000(34%)",26754000,34.0,3,유찰 3회
2024타경62334,수원지방법원,13,경기도 오산시 역광장로 46-1 5층516호[집합건물 철근콘크리트조 28.6㎡],지도,"2019.03.14.자 접수 제54014호 든솔신용협동조합 명의의 근저당권에 대하여, 2025.05.09.자로 피담보채권이 없다는 계산서가 제출됨","100,000,000",100000000,2026.04.21,0,moveDtlPage(7),아파트,"34,300,000(34%)",34300000,34.0,3,유찰 3회
2024타경62334,수원지방법원,15,경기도 오산시 역광장로 46-1 6층615호[집합건물 철근콘크리트조 28.6㎡],지도,"2019.03.14.자 접수 제54014호 든솔신용협동조합 명의의 근저당권에 대하여, 2025.05.09.자로 피담보채권이 없다는 계산서가 제출됨","100,000,000",100000000,2026.04.21,0,moveDtlPage(8),아파트,"34,300,000(34%)",34300000,34.0,3,유찰 3회
2024타경62334,수원지방법원,18,경기도 오산시 역광장로 46-1 8층808호[집합건물 철근콘크리트조 23.14㎡],지도,"2019.03.14.자 접수 제54014호 든솔신용협동조합 명의의 근저당권에 대하여, 2025.05.09.자로 피담보채권이 없다는 계산서가 제출됨","81,000,000",81000000,2026.04.21,0,moveDtlPage(9),아파트,"27,783,000(34%)",27783000,34.0,3,유찰 3회
2024타경62334,수원지방법원,19,경기도 오산시 역광장로 46-1 8층810호[집합건물 철근콘크리트조 23.14㎡],지도,"2019.03.14.자 접수 제54014호 든솔신용협동조합 명의의 근저당권에 대하여, 2025.05.09.자로 피담보채권이 없다는 계산서가 제출됨","81,000,000",81000000,2026.04.21,0,moveDtlPage(0),아파트,"27,783,000(34%)",27783000,34.0,3,유찰 3회
2024타경62341,수원지방법원,1,"경기도 오산시 가수로 33 111동 1층106호 (가수동,늘푸른오스카빌)[집합건물 철근콘크리트조 84.9849㎡]",지도,,"263,000,000",263000000,2026.04.21,0,moveDtlPage(1),아파트,"263,000,000(100%)",263000000,100.0,0,신건
2024타경78797,수원지방법원,1,"경기도 수원시 팔달구 권광로276번길 33-25 5층512호 (인계동,아미힐)[집합건물 철근콘크리트구조 21.5805㎡]",지도,임대차관계 불분명(전입인 배종훈),"161,000,000",161000000,2026.04.24,0,moveDtlPage(2),아파트,"13,258,000(8%)",13258000,8.0,7,유찰 7회
2024타경83867,수원지방법원,1,"경기도 용인시 수지구 성복2로 158 611동 6층602호 (성복동,성동마을엘지빌리지6차)[집합건물 철근콘크리트조
134.725㎡]",지도,,"862,000,000",862000000,2026.04.21,0,moveDtlPage(3),아파트,"603,400,000(70%)",603400000,70.0,1,유찰 1회
2024타경84846,수원지방법원,1,경기도 화성시 봉담읍 와우로73번길 22 103동 16층 1602호 (해오름마을봉담그대가1단지)[집합건물 철근콘크리트구조 84.9539㎡],지도,,"321,000,000",321000000,2026.04.21,0,moveDtlPage(4),아파트,"224,700,000(70%)",224700000,70.0,1,유찰 1회
2024타경87692,수원지방법원,1,경기도 화성시 봉담읍 상리1길 127 102동 22층2203호 (이편한세상신봉담)[집합건물 철근콘크리트구조 59.96㎡],지도,,"446,000,000",446000000,2026.04.21,0,moveDtlPage(5),아파트,"312,200,000(70%)",312200000,70.0,1,유찰 1회
2024타경87876,수원지방법원,1,"경기도 화성시 효행로 229-11 102동 7층701호 (기안동,광도와이드빌)[집합건물 철근콘크리트벽식구조
59.7118㎡]",지도,,"218,000,000",218000000,2026.04.21,0,moveDtlPage(6),아파트,"152,600,000(70%)",152600000,70.0,1,유찰 1회
2024타경89032,수원지방법원,1,"경기도 용인시 기흥구 동백죽전대로527번길 67 209동 11층1101호 (중동,어정마을롯데캐슬에코2단지)[집합건물 철근콘크리트조 99.47㎡]",지도,,"624,000,000",624000000,2026.04.21,0,moveDtlPage(7),아파트,"436,800,000(70%)",436800000,70.0,1,유찰 1회
2024타경89407,수원지방법원,1,"경기도 용인시 기흥구 연원로42번길 33 202동 5층506호 (마북동,연원마을쉐르빌아파트)[집합건물 철골철근콘크리트조
148.83㎡]",지도,"1. 매수인에게 대항할 수 있는 임차인 있음
2. 2025.08.21. 배당요구 없이 권리신고함","837,000,000",837000000,2026.04.24,0,moveDtlPage(8),아파트,"837,000,000(100%)",837000000,100.0,1,유찰 1회
2024타경89551,수원지방법원,1,"경기도 용인시 기흥구 탑실로 152 201동 5층505호 (공세동,탑실마을대주피오레2단지)[집합건물 철근콘크리트구조 148.6289㎡ 갑구 6번 2분의 1 최미라 지분 전부]",지도,지분매각임. 공유자의 우선매수신고는 1회에 한하여 행사할 수 있음(공유자가 우선매수권 신고 후 매각기일까지 매수보증금을 미납하여 실효되는 경우에는 그 공유자는 이후 매각기일부터는 우선매수권을 행사할 수 없음).,"273,000,000",273000000,2026.04.21,0,moveDtlPage(9),아파트,"191,100,000(70%)",191100000,70.0,1,유찰 1회
2024타경89971,수원지방법원,1,"경기도 용인시 처인구 중부대로1424번길 11-5 5층603호[집합건물 철근콘크리트조
78.06㎡]",지도,,"145,000,000",145000000,2026.04.29,0,moveDtlPage(0),아파트,"49,735,000(34%)",49735000,34.0,3,유찰 3회
2024타경90414,수원지방법원,1,"경기도 오산시 내삼미로 142 105동 15층1504호 (내삼미동,오산대역호반써밋)[집합건물 철근콘크리트조 99.9131㎡]",지도,,"613,000,000",613000000,2026.04.21,0,moveDtlPage(1),아파트,"429,100,000(70%)",429100000,70.0,1,유찰 1회
2024타경93673,수원지방법원,1,"경기도 용인시 기흥구 동백중앙로 312 2102동 19층1903호 (중동,백현마을동일하이빌)[집합건물 철근콘크리트구조
84.42㎡]",지도,,"580,000,000",580000000,2026.04.21,0,moveDtlPage(2),아파트,"406,000,000(70%)",406000000,70.0,1,유찰 1회
2024타경93833,수원지방법원,1,"경기도 수원시 권선구 서수원로 219 105동 1층104호 (오목천동,오목천동 푸르지오 1단지)[집합건물 철근콘크리트구조
84.9568㎡]",지도,,"367,000,000",367000000,2026.04.29,0,moveDtlPage(3),아파트,"256,900,000(70%)",256900000,70.0,1,유찰 1회
2024타경95020,수원지방법원,1,"경기도 용인시 기흥구 마북로 140 106동 11층1102호 (마북동,교동마을동양파라곤)[집합건물 철근콘크리트구조 167.52㎡]",지도,,"786,000,000",786000000,2026.04.29,0,moveDtlPage(4),아파트,"786,000,000(100%)",786000000,100.0,0,신건
2024타경95136,수원지방법원,1,"경기도 화성시 동탄순환대로12길 85 3644동 1층102호 (산척동,그린힐반도유보라아이비파크10)[집합건물 철근콘크리트구조 74.1263㎡]",지도,,"460,000,000",460000000,2026.04.29,0,moveDtlPage(5),아파트,"322,000,000(70%)",322000000,70.0,1,유찰 1회
2024타경98104,수원지방법원,1,"경기도 용인시 수지구 신봉2로 26 123동 19층1902호 (신봉동,신봉마을엘지자이1차아파트)[집합건물 철근콘크리트구조
83.278㎡]",지도,,"650,000,000",650000000,2026.04.21,0,moveDtlPage(6),아파트,"650,000,000(100%)",650000000,100.0,0,신건
2024타경102171,수원지방법원,1,"경기도 수원시 영통구 동수원로 432 1동 8층807호 (매탄동,동남아파트)[집합건물 철근콩크리트조
49.68㎡]",지도,,"292,000,000",292000000,2026.04.20,0,moveDtlPage(7),아파트,"204,400,000(70%)",204400000,70.0,1,유찰 1회
2024타경102461,수원지방법원,1,경기도 화성시 남양읍 고향의봄길 36 208동 9층904호 (화성시청역서희스타힐스4차숲속마을)[집합건물 철근콘크리트구조 59.8855㎡],지도,대지권 미등기이며 대지권 유무는 알 수 없음. 최저매각가격에는 대지권 가격이 포함됨,"296,000,000",296000000,2026.04.29,0,moveDtlPage(8),아파트,"207,200,000(70%)",207200000,70.0,1,유찰 1회
2024타경102461,수원지방법원,2,경기도 화성시 남양읍 고향의봄길 36 205동 16층1602호 (화성시청역서희스타힐스4차숲속마을)[집합건물 철근콘크리트구조 84.9047㎡],지도,대지권 미등기이며 대지권 유무는 알 수 없음. 최저매각가격에는 대지권 가격이 포함됨,"380,000,000",380000000,2026.04.29,0,moveDtlPage(9),아파트,"266,000,000(70%)",266000000,70.0,1,유찰 1회
2024타경103242,수원지방법원,1,"경기도 수원시 장안구 경수대로976번길 22 148동 3층301호 (조원동,수원한일아파트)[집합건물 철근콘크리트 벽식구조 
59.842㎡]",지도,,"422,000,000",422000000,2026.04.29,0,moveDtlPage(0),아파트,"295,400,000(70%)",295400000,70.0,1,유찰 1회
2024타경103761,수원지방법원,1,"경기도 용인시 처인구 학산로 4 4층402호 (역북동,동산2차아파트)[집합건물 철근콘크리트조
58.50㎡]",지도,,"115,000,000",115000000,2026.04.21,0,moveDtlPage(1),아파트,"39,445,000(34%)",39445000,34.0,3,유찰 3회
2025타경853,수원지방법원,1,"경기도 용인시 기흥구 고매동 385-1 102동 14층1404호[집합건물 철근콘크리트조
133.35㎡]",지도,,"365,000,000",365000000,2026.04.20,0,moveDtlPage(2),아파트,"365,000,000(100%)",365000000,100.0,0,신건
2025타경927,수원지방법원,1,"경기도 용인시 기흥구 중동 956 동백역한라비발디 4004동 16층1601호[집합건물 철근콘크리트구조
128.295㎡]",지도,,"663,000,000",663000000,2026.04.29,0,moveDtlPage(3),아파트,"464,100,000(70%)",464100000,70.0,1,유찰 1회
2025타경974,수원지방법원,1,"경기도 용인시 기흥구 서천동 708 서그내마을서천아이파크 102동 2층203호[집합건물 철근콘크리트구조
122.4875㎡]",지도,,"713,000,000",713000000,2026.04.27,0,moveDtlPage(4),아파트,"713,000,000(100%)",713000000,100.0,0,신건
2025타경1090,수원지방법원,1,경기도 화성시 장지동 1011 동탄2아이파크 3433동 4층404호[집합건물 철근콘크리트구조 84.8688㎡],지도,,"535,000,000",535000000,2026.04.29,0,moveDtlPage(5),아파트,"535,000,000(100%)",535000000,100.0,0,신건
2025타경1140,수원지방법원,1,"경기도 수원시 장안구 파장동 560 노송아파트 1동 2층208호[집합건물 철근콘크리트조
51.84㎡]",지도,,"253,000,000",253000000,2026.04.22,0,moveDtlPage(6),아파트,"253,000,000(100%)",253000000,100.0,0,신건
2025타경1220,수원지방법원,1,"경기도 용인시 수지구 상현동 840 상현마을금호베스트빌4단지아파트 133동 11층1104호[집합건물 철근콘크리트조
174.951㎡]",지도,,"803,000,000",803000000,2026.04.27,0,moveDtlPage(7),아파트,"562,100,000(70%)",562100000,70.0,1,유찰 1회
2025타경1265,수원지방법원,1,경기도 화성시 반월동 944 에스케이뷰파크 112동 24층2404호[집합건물 철근콘크리트구조 115.4801㎡],지도,,"812,000,000",812000000,2026.04.28,0,moveDtlPage(8),아파트,"568,400,000(70%)",568400000,70.0,1,유찰 1회
2025타경1265,수원지방법원,2,경기도 화성시 봉담읍 와우리 237 신일해피트리2차아파트 101동 11층1104호[집합건물 철근콘크리트구조 84.626㎡],지도,,"260,000,000",260000000,2026.04.28,0,moveDtlPage(9),아파트,"182,000,000(70%)",182000000,70.0,1,유찰 1회
2025타경1574,수원지방법원,1,경기도 수원시 영통구 매탄동 1258 매탄 에듀파크시티1 103동 17층1704호[집합건물 철근콘크리트조  84.51㎡],지도,본건 아파트 단지 명칭이 '주공그린빌'에서 '매탄 에듀파크시티1' 로 변경되었음,"513,000,000",513000000,2026.04.27,0,moveDtlPage(0),아파트,"359,100,000(70%)",359100000,70.0,1,유찰 1회
2025타경1646,수원지방법원,1,경기도 화성시 새솔동 송산그린시티이에이비9블록 송산신도시대방노블랜드더센트럴3차 307동 1층101호[집합건물 철근콘크리트구조 115.1388㎡],지도,,"830,000,000",830000000,2026.04.27,0,moveDtlPage(1),아파트,"830,000,000(100%)",830000000,100.0,0,신건
2025타경1732,수원지방법원,1,경기도 용인시 기흥구 구갈동 660 힐스테이트기흥 205동 23층2301호[집합건물 철근콘크리트구조 95.9886㎡],지도,,"1,110,000,000",1110000000,2026.04.27,0,moveDtlPage(2),아파트,"777,000,000(70%)",777000000,70.0,1,유찰 1회
2025타경50918,수원지방법원,1,"경기도 오산시 수목원로 577-15 205동 9층904호 (궐동,세마역에듀파크)[집합건물 철근콘크리트구조 59.76㎡]",지도,,"341,000,000",341000000,2026.04.20,0,moveDtlPage(3),아파트,"238,700,000(70%)",238700000,70.0,1,유찰 1회
2025타경52242,수원지방법원,1,"경기도 수원시 장안구 화산로285번길 12 101동 1층110호 (율전동,화남아파트)[집합건물 철근콘크리트 벽식구조
59.93㎡]",지도,,"297,000,000",297000000,2026.04.29,0,moveDtlPage(4),아파트,"297,000,000(100%)",297000000,100.0,0,신건
2025타경52440,수원지방법원,1,"경기도 오산시 경기대로 114 103동 4층402호 (원동,미소지움아파트)[집합건물 철근콘크리트구조 59.9927㎡]",지도,,"314,000,000",314000000,2026.04.29,0,moveDtlPage(5),아파트,"314,000,000(100%)",314000000,100.0,0,신건
2025타경53511,수원지방법원,1,"경기도 용인시 기흥구 동백죽전대로527번길 80 110동 40층4001호 (중동,신동백롯데캐슬에코1단지)[집합건물 철근콘크리트구조 199.30㎡]",지도,,"1,450,000,000",1450000000,2026.04.28,0,moveDtlPage(6),아파트,"243,701,500(16%)",243701500,16.0,5,유찰 5회
2025타경54101,수원지방법원,1,"경기도 수원시 영통구 센트럴파크로 6 105동 21층2101호 (하동,힐스테이트광교)[집합건물 철근콘크리트구조 97.5548㎡]",지도,,"1,610,000,000",1610000000,2026.04.29,0,moveDtlPage(7),아파트,"1,127,000,000(70%)",1127000000,70.0,1,유찰 1회
2025타경54320,수원지방법원,1,"경기도 수원시 영통구 영통동 973-3 두산아파트 801동 16층1604호[집합건물 철근콘크리트조
59.73㎡]",지도,,"489,000,000",489000000,2026.04.21,0,moveDtlPage(8),아파트,"342,300,000(70%)",342300000,70.0,1,유찰 1회
2025타경54344,수원지방법원,1,"경기도 화성시 석우동 53 동탄예당마을우미린제일풍경채 122동 2층205호[집합건물 철근콘크리트구조
75.8700 ㎡]",지도,,"569,000,000",569000000,2026.04.29,0,moveDtlPage(9),아파트,"569,000,000(100%)",569000000,100.0,0,신건
2025타경54416,수원지방법원,1,"경기도 수원시 권선구 권선동 1035 수원시청역에스케이뷰 102동 1층102호[집합건물 철근콘크리트구조
59.94㎡]",지도,,"412,000,000",412000000,2026.04.24,0,moveDtlPage(0),아파트,"412,000,000(100%)",412000000,100.0,0,신건
2025타경54420,수원지방법원,1,경기도 오산시 금암동 499 세교서희스타힐스 1208동 3층302호[집합건물 철근콘크리트구조 84.94㎡],지도,,"358,000,000",358000000,2026.04.21,0,moveDtlPage(1),아파트,"250,600,000(70%)",250600000,70.0,1,유찰 1회
2025타경54672,수원지방법원,1,경기도 화성시 산척동 718 동탄 더 레이크 팰리스 2564동 17층1702호[집합건물 철근콘크리트구조 134.9668㎡],지도,,"1,260,000,000",1260000000,2026.04.20,0,moveDtlPage(2),아파트,"1,260,000,000(100%)",1260000000,100.0,0,신건
2025타경54737,수원지방법원,1,"경기도 용인시 수지구 상현동 866 광교상떼빌파크뷰 4811동 13층1304호[집합건물 철근콘크리트벽식조
164.2368㎡]",지도,,"970,000,000",970000000,2026.04.29,0,moveDtlPage(3),아파트,"970,000,000(100%)",970000000,100.0,0,신건
2025타경54774,수원지방법원,1,경기도 용인시 처인구 김량장동 526 김량장동어울림아파트 102동 12층1202호[집합건물 철근콘크리트구조 58.314㎡],지도,,"369,000,000",369000000,2026.04.21,0,moveDtlPage(4),아파트,"258,300,000(70%)",258300000,70.0,1,유찰 1회
2025타경55000,수원지방법원,1,경기도 수원시 팔달구 인계동 1022-3 센트럴하임 11층1104호[집합건물 철근콘크리트구조 18.40㎡],지도,,"159,000,000",159000000,2026.04.21,0,moveDtlPage(5),"연립주택,다세대,빌라","159,000,000(100%)",159000000,100.0,0,신건
2025타경55096,수원지방법원,1,"경기도 용인시 기흥구 신갈동 17-15 원대마을신갈한신아파트 101동 5층502호[집합건물 철근콘크리트조
 84.99㎡]",지도,재매각임. 매수신청보증금 20%,"422,000,000",422000000,2026.04.22,0,moveDtlPage(6),아파트,"295,400,000(70%)",295400000,70.0,1,유찰 1회
2025타경55330,수원지방법원,1,"경기도 수원시 권선구 금곡동 252 일신건영아파트 101동 1층104호[집합건물 철근콘크리트벽식구조
84.93㎡]",지도,,"367,000,000",367000000,2026.04.21,0,moveDtlPage(7),아파트,"367,000,000(100%)",367000000,100.0,0,신건
2025타경55362,수원지방법원,1,경기도 용인시 기흥구 언남동 384-2 까사90 6층602호[집합건물 철큰콘크리트구조 37.47㎡],지도,"신청채권자 겸 대항력 있는 임차인의 보증금 220,000,000원이 배당에서 전액 변제되지 않을 경우 잔액을 매수인이 인수하므로 입찰시 주의요망","215,000,000",215000000,2026.04.27,0,moveDtlPage(8),"연립주택,다세대,빌라","73,745,000(34%)",73745000,34.0,3,유찰 3회
2025타경55412,수원지방법원,1,경기도 화성시 봉담읍 와우리 597 봉담센트럴푸르지오 111동 5층502호[집합건물 철근콘크리트구조  74.9123㎡],지도,,"424,000,000",424000000,2026.04.27,0,moveDtlPage(9),아파트,"296,800,000(70%)",296800000,70.0,1,유찰 1회
2025타경55437,수원지방법원,1,경기도 화성시 청계동 541 동탄역 롯데캐슬알바트로스 1311동 17층1701호[집합건물 철근콘크리트구조 101.8848㎡],지도,,"946,000,000",946000000,2026.04.21,0,moveDtlPage(0),아파트,"946,000,000(100%)",946000000,100.0,0,신건
2025타경55649,수원지방법원,1,"경기도 수원시 장안구 정자동 36-23 송학아파트 6층621호[집합건물 라멘조
31.74㎡]",지도,,"123,000,000",123000000,2026.04.28,0,moveDtlPage(1),아파트,"60,270,000(49%)",60270000,49.0,2,유찰 2회
2025타경55860,수원지방법원,1,경기도 화성시 봉담읍 와우리 591 봉담휴먼빌 104동 21층2104호[집합건물 철근콘크리트구조 84.9438㎡],지도,,"361,000,000",361000000,2026.04.28,0,moveDtlPage(2),아파트,"252,700,000(70%)",252700000,70.0,1,유찰 1회
2025타경56160,수원지방법원,1,경기도 용인시 처인구 이동읍 천리 1142 에이스카운티아파트 107동 11층1104호[집합건물 철근콘크리트구조 64.535㎡],지도,"신청채권자 겸 대항력 있는 임차인의 보증금 260,000,000원이 배당에서 전액 변제되지 않을 경우 잔액을 매수인이 인수하므로 입찰시 주의요망","280,000,000",280000000,2026.04.27,0,moveDtlPage(3),아파트,"280,000,000(100%)",280000000,100.0,0,신건
2025타경56257,수원지방법원,1,"경기도 용인시 처인구 포곡읍 삼계리 672 계수마을수목원우림필유 104동 2층201호[집합건물 철근콘크리트구조
59.9922㎡]",지도,,"207,000,000",207000000,2026.04.28,0,moveDtlPage(4),아파트,"144,900,000(70%)",144900000,70.0,1,유찰 1회
2025타경56334,수원지방법원,1,경기도 수원시 영통구 이의동 1200 광교2차이편한세상 8502동 9층903호[집합건물 철근콘크리트구조 84.6861㎡],지도,,"981,000,000",981000000,2026.04.22,0,moveDtlPage(5),아파트,"686,700,000(70%)",686700000,70.0,1,유찰 1회
2025타경56395,수원지방법원,1,경기도 화성시 영천동 890 동탄파크한양수자인 137동 7층704호[집합건물 철근콘크리트구조 51.79㎡],지도,,"416,000,000",416000000,2026.04.28,0,moveDtlPage(6),아파트,"416,000,000(100%)",416000000,100.0,0,신건
2025타경56424,수원지방법원,1,경기도 수원시 영통구 망포동 810 영통롯데캐슬엘클래스2단지 208동 10층1002호[집합건물 철근콘크리트구조 84.9836㎡],지도,,"849,000,000",849000000,2026.04.22,0,moveDtlPage(7),아파트,"594,300,000(70%)",594300000,70.0,1,유찰 1회
2025타경56456,수원지방법원,1,경기도 화성시 남양읍 신남리 1563 대광파인밸리골드 203동 1층107호[집합건물 철근콘크리트구조 84.305㎡],지도,"대항력 있는 임차인의 보증금 160,000,000원이 배당에서 전액 변제되지 않을 경우 잔액을 매수인이 인수하므로 입찰시 주의요망","241,000,000",241000000,2026.04.27,0,moveDtlPage(8),아파트,"241,000,000(100%)",241000000,100.0,0,신건
2025타경56486,수원지방법원,1,"경기도 수원시 영통구 원천동 548 원천레이크파크아파트 221동 15층1504호[집합건물 철근콘크리트조
84.79㎡]",지도,,"652,000,000",652000000,2026.04.28,0,moveDtlPage(9),아파트,"456,400,000(70%)",456400000,70.0,1,유찰 1회
2025타경56546,수원지방법원,1,경기도 오산시 갈곶동 715 갈곶피오레 101동 9층901호[집합건물 철근콘크리트구조  84.9888㎡],지도,,"326,000,000",326000000,2026.04.22,0,moveDtlPage(0),아파트,"228,200,000(70%)",228200000,70.0,1,유찰 1회
2025타경56589,수원지방법원,1,경기도 용인시 기흥구 중동 1096 신동백롯데캐슬에코1단지 113동 37층3701호[집합건물 철근콘크리트구조 199.30㎡],지도,,"1,446,000,000",1446000000,2026.04.27,0,moveDtlPage(1),아파트,"1,012,200,000(70%)",1012200000,70.0,1,유찰 1회
2025타경56780,수원지방법원,1,경기도 용인시 처인구 고림동 1014 양우내안애에듀퍼스트 210동 9층902호[집합건물 철근콘크리트구조  84.9754㎡],지도,,"546,000,000",546000000,2026.04.28,0,moveDtlPage(2),아파트,"382,200,000(70%)",382200000,70.0,1,유찰 1회
2025타경56846,수원지방법원,1,경기도 수원시 권선구 호매실동 1361 한양수자인파크원 112동 7층701호[집합건물 철근콘크리트구조 97.6214㎡],지도,,"678,000,000",678000000,2026.04.28,0,moveDtlPage(3),아파트,"678,000,000(100%)",678000000,100.0,0,신건
2025타경56859,수원지방법원,1,"경기도 수원시 영통구 망포동 488 늘푸른벽산아파트 111동 20층2001호[집합건물 철근콘크리트조
114.954㎡]",지도,본건 소재지번 중 망포동 497 토지는 토지대장 및 대지권 등록부에 497-1 토지로 일부 분할(43㎡)되어 있음,"537,000,000",537000000,2026.04.28,0,moveDtlPage(4),아파트,"537,000,000(100%)",537000000,100.0,0,신건
2025타경57035,수원지방법원,1,경기도 수원시 권선구 권선동 1303 상록아파트 341동 20층2004호[집합건물 철근콘크리트벽식조 59.592㎡],지도,,"419,000,000",419000000,2026.04.28,0,moveDtlPage(5),아파트,"419,000,000(100%)",419000000,100.0,0,신건
2025타경57149,수원지방법원,1,"경기도 화성시 반송동 102 시범다은마을포스코더샵 318동 9층902호[집합건물 철근콘크리트구조
98.6767㎡]",지도,,"768,000,000",768000000,2026.04.28,0,moveDtlPage(6),아파트,"768,000,000(100%)",768000000,100.0,0,신건
2025타경57956,수원지방법원,1,경기도 화성시 향남읍 행정리 440 향남시범넓은들마을향남지웰2차 208동 1층102호[집합건물 철근콘크리트구조 84.843㎡],지도,,"357,000,000",357000000,2026.04.27,0,moveDtlPage(7),아파트,"249,900,000(70%)",249900000,70.0,1,유찰 1회
2025타경58074,수원지방법원,1,경기도 수원시 권선구 입북동 815 서수원레이크푸르지오2단지 205동 22층2202호[집합건물 철근콘크리트구조84.948㎡],지도,,"531,000,000",531000000,2026.04.27,0,moveDtlPage(8),아파트,"531,000,000(100%)",531000000,100.0,0,신건
2025타경58129,수원지방법원,1,경기도 오산시 지곶동 577 이편한세상오산세교 105동 12층1202호[집합건물 철근콘크리트구조 84.9828㎡],지도,,"375,000,000",375000000,2026.04.27,0,moveDtlPage(9),아파트,"262,500,000(70%)",262500000,70.0,1,유찰 1회
2025타경58202,수원지방법원,1,경기도 수원시 장안구 정자동 945 수원에스케이스카이뷰 111동 5층501호[집합건물 철근콘크리트구조 59.952㎡],지도,,"662,000,000",662000000,2026.04.27,0,moveDtlPage(0),아파트,"662,000,000(100%)",662000000,100.0,0,신건
2025타경58494,수원지방법원,1,"경기도 화성시 송산동 200-32 우남블루존아파트 102동 3층305호[집합건물 철근콘크리트벽식구조
59.91㎡]",지도,,"183,000,000",183000000,2026.04.27,0,moveDtlPage(1),아파트,"128,100,000(70%)",128100000,70.0,1,유찰 1회
2025타경56780,수원지방법원,1,경기도 용인시 처인구 고림동 1014 양우내안애에듀퍼스트 210동 9층902호[집합건물 철근콘크리트구조  84.9754㎡],지도,,"546,000,000",546000000,2026.04.28,0,moveDtlPage(2),아파트,"382,200,000(70%)",382200000,70.0,1,유찰 1회
2025타경56846,수원지방법원,1,경기도 수원시 권선구 호매실동 1361 한양수자인파크원 112동 7층701호[집합건물 철근콘크리트구조 97.6214㎡],지도,,"678,000,000",678000000,2026.04.28,0,moveDtlPage(3),아파트,"678,000,000(100%)",678000000,100.0,0,신건
2025타경56859,수원지방법원,1,"경기도 수원시 영통구 망포동 488 늘푸른벽산아파트 111동 20층2001호[집합건물 철근콘크리트조
114.954㎡]",지도,본건 소재지번 중 망포동 497 토지는 토지대장 및 대지권 등록부에 497-1 토지로 일부 분할(43㎡)되어 있음,"537,000,000",537000000,2026.04.28,0,moveDtlPage(4),아파트,"537,000,000(100%)",537000000,100.0,0,신건
2025타경57035,수원지방법원,1,경기도 수원시 권선구 권선동 1303 상록아파트 341동 20층2004호[집합건물 철근콘크리트벽식조 59.592㎡],지도,,"419,000,000",419000000,2026.04.28,0,moveDtlPage(5),아파트,"419,000,000(100%)",419000000,100.0,0,신건
2025타경57149,수원지방법원,1,"경기도 화성시 반송동 102 시범다은마을포스코더샵 318동 9층902호[집합건물 철근콘크리트구조
98.6767㎡]",지도,,"768,000,000",768000000,2026.04.28,0,moveDtlPage(6),아파트,"768,000,000(100%)",768000000,100.0,0,신건
2025타경57956,수원지방법원,1,경기도 화성시 향남읍 행정리 440 향남시범넓은들마을향남지웰2차 208동 1층102호[집합건물 철근콘크리트구조 84.843㎡],지도,,"357,000,000",357000000,2026.04.27,0,moveDtlPage(7),아파트,"249,900,000(70%)",249900000,70.0,1,유찰 1회
2025타경58074,수원지방법원,1,경기도 수원시 권선구 입북동 815 서수원레이크푸르지오2단지 205동 22층2202호[집합건물 철근콘크리트구조84.948㎡],지도,,"531,000,000",531000000,2026.04.27,0,moveDtlPage(8),아파트,"531,000,000(100%)",531000000,100.0,0,신건
2025타경58129,수원지방법원,1,경기도 오산시 지곶동 577 이편한세상오산세교 105동 12층1202호[집합건물 철근콘크리트구조 84.9828㎡],지도,,"375,000,000",375000000,2026.04.27,0,moveDtlPage(9),아파트,"262,500,000(70%)",262500000,70.0,1,유찰 1회
